Location, Openings
London,45
New York,27
San Francisco,13
Berlin,13
Hamburg,12
Toronto,9
Boston,9
Amsterdam,8
Cologne,5
Warsaw,4
Seattle,4
Munich,3
Edinburgh,3
Palo Alto,3
Zurich,3
Chicago,3
Bristol,3
Budapest,3
Melbourne,3
Cape Town,3
M,2
Montreal,2
Sofia,2
Lausanne,2
Portland,2
Hannover,2
Zephyr Cove,2
Rotterdam,2
Greater London,2
Gothenburg,2
Reading,2
Malm,1
El Segundo,1
Espoo,1
Fort Collins,1
Gainesville,1
Dubai,1
Dresden,1
Crawley,1
Hamilton,1
Hamilton Square,1
Cincinnati,1
Hauts,1
Helsingborg,1
Helsinki,1
Holborn,1
Holzminden,1
Houston,1
Indianapolis,1
Istanbul,1
K,1
Kirkland,1
Krakow,1
Chelmsford,1
Lille,1
Cardiff,1
Los Angeles,1
Lund,1
Cambridge,1
Edmonton,1
Malmo,1
Marzling,1
Mclean,1
Brussels,1
Milton Keynes,1
Minneapolis,1
Mission Viejo,1
Molndal,1
Broomfield,1
Bridgnorth,1
Nashville,1
Brasov,1
Newton,1
Norwich,1
Nottingham,1
Oberhausen,1
Orlando,1
Overland Park,1
Oxford,1
Boxtel,1
Paris,1
Philadelphia,1
Phoenix,1
Boise,1
Pullman,1
Raleigh,1
Boca Raton,1
Redlands,1
Birmingham,1
Sacramento,1
Salt Lake City,1
San Diego,1
Bielsko County,1
Santa Ana,1
Santa Monica,1
Berkeley,1
Singapore,1
Basel,1
Southfield,1
St,1
